"";"...1";"variable";"description"
"1";"#";"caseid";"Case Identification"
"2";"#";"midx";"Index to Birth History"
"3";"#";"v000";"Country code and phase"
"4";"#";"v001";"Cluster number"
"5";"#";"v002";"Household number"
"6";"#";"v003";"Respondent's line number"
"7";"#";"v004";"Ultimate area unit"
"8";"#";"v005";"Women's individual sample weight (6 decimals)"
"9";"#";"v006";"Month of interview"
"10";"#";"v007";"Year of interview"
"11";"#";"v008";"Date of interview (CMC)"
"12";"#";"v008a";"Date of interview Century Day Code (CDC)"
"13";"#";"v009";"Respondent's month of birth"
"14";"#";"v010";"Respondent's year of birth"
"15";"#";"v011";"Date of birth (CMC)"
"16";"#";"v012";"Respondent's current age"
"17";"#";"v013";"Age in 5-year groups"
"18";"#";"v014";"Completeness of age information"
"19";"#";"v015";"Result of individual interview"
"20";"#";"v016";"Day of interview"
"21";"#";"v017";"NA - CMC start of calendar"
"22";"#";"v018";"Row of month of interview"
"23";"#";"v019";"Length of calendar"
"24";"#";"v019a";"Number of calendar columns"
"25";"#";"v020";"Ever-married sample"
"26";"#";"v021";"Primary sampling unit"
"27";"#";"v022";"Sample strata for sampling errors"
"28";"#";"v023";"Stratification used in sample design"
"29";"#";"v024";"Region"
"30";"#";"v025";"Type of place of residence"
"31";"#";"v026";"NA - De facto place of residence"
"32";"#";"v027";"Number of visits"
"33";"#";"v028";"Interviewer identification"
"34";"#";"v029";"NA - Keyer identification"
"35";"#";"v030";"Field supervisor"
"36";"#";"v031";"NA - Field editor"
"37";"#";"v032";"NA - Office editor"
"38";"#";"v034";"NA - Line number of husband"
"39";"#";"v040";"Cluster altitude in meters"
"40";"#";"v042";"NA - Household selected for hemoglobin"
"41";"#";"v044";"NA - Selected for Domestic Violence module"
"42";"#";"v045a";"NA - Language of questionnaire"
"43";"#";"v045b";"Language of interview"
"44";"#";"v045c";"Native language of respondent"
"45";"#";"v046";"Translator used"
"46";"#";"v101";"Region"
"47";"#";"v102";"Type of place of residence"
"48";"#";"v103";"NA - Childhood place of residence"
"49";"#";"v104";"NA - Years lived in place of residence"
"50";"#";"v105";"NA - Type of place of previous residence"
"51";"#";"v105a";"NA - Region of previous residence"
"52";"#";"v106";"Highest educational level"
"53";"#";"v107";"Highest year of education"
"54";"#";"v113";"Source of drinking water"
"55";"#";"v115";"Time to get to water source"
"56";"#";"v116";"Type of toilet facility"
"57";"#";"v119";"Household has: electricity"
"58";"#";"v120";"Household has: radio"
"59";"#";"v121";"Household has: television"
"60";"#";"v122";"Household has: refrigerator"
"61";"#";"v123";"Household has: bicycle"
"62";"#";"v124";"Household has: motorcycle/scooter"
"63";"#";"v125";"Household has: car/truck"
"64";"#";"v127";"Main floor material"
"65";"#";"v128";"Main wall material"
"66";"#";"v129";"Main roof material"
"67";"#";"v130";"Religion"
"68";"#";"v131";"NA - Ethnicity"
"69";"#";"v133";"Education in single years"
"70";"#";"v134";"NA - De facto place of residence"
"71";"#";"v135";"Usual resident or visitor"
"72";"#";"v136";"Number of household members (listed)"
"73";"#";"v137";"Number of children 5 and under in household (de jure)"
"74";"#";"v138";"Number of eligible women in household (de facto)"
"75";"#";"v139";"De jure region of residence"
"76";"#";"v140";"De jure type of place of residence"
"77";"#";"v141";"NA - De jure place of residence"
"78";"#";"v149";"Educational attainment"
"79";"#";"v150";"Relationship to household head"
"80";"#";"v151";"Sex of household head"
"81";"#";"v152";"Age of household head"
"82";"#";"v153";"Household has: telephone (land-line)"
"83";"#";"awfactt";"All woman factor - total"
"84";"#";"awfactu";"All woman factor - urban/rural"
"85";"#";"awfactr";"All woman factor - regional"
"86";"#";"awfacte";"All woman factor - educational"
"87";"#";"awfactw";"All woman factor - wealth index"
"88";"#";"v155";"Literacy"
"89";"#";"v156";"NA - Ever participated in a literacy program outside of primary"
"90";"#";"v157";"NA - Frequency of reading newspaper or magazine"
"91";"#";"v158";"NA - Frequency of listening to radio"
"92";"#";"v159";"NA - Frequency of watching television"
"93";"#";"v160";"Toilet facilities shared with other households"
"94";"#";"v161";"Type of cooking fuel"
"95";"#";"v166";"NA - Result of salt test for iodine"
"96";"#";"v167";"NA - Number of trips in last 12 months"
"97";"#";"v168";"NA - Away for more than one month in last 12 months"
"98";"#";"v169a";"NA - Owns a mobile telephone"
"99";"#";"v169b";"NA - Use mobile telephone for financial transactions"
"100";"#";"v170";"NA - Has an account in a bank or other financial institution"
"101";"#";"v171a";"NA - Use of internet"
"102";"#";"v171b";"NA - Frequency of using internet last month"
"103";"#";"v190";"Wealth index combined"
"104";"#";"v191";"Wealth index factor score combined (5 decimals)"
"105";"#";"v190a";"Wealth index for urban/rural"
"106";"#";"v191a";"Wealth index factor score for urban/rural (5 decimals)"
"107";"#";"ml101";"NA - Type of mosquito bed net(s) slept under last night"
"108";"#";"v201";"Total children ever born"
"109";"#";"v202";"Sons at home"
"110";"#";"v203";"Daughters at home"
"111";"#";"v204";"Sons elsewhere"
"112";"#";"v205";"Daughters elsewhere"
"113";"#";"v206";"Sons who have died"
"114";"#";"v207";"Daughters who have died"
"115";"#";"v208";"Births in last five years"
"116";"#";"v209";"Births in past year"
"117";"#";"v210";"Births in month of interview"
"118";"#";"v211";"Date of first birth (CMC)"
"119";"#";"v212";"Age of respondent at 1st birth"
"120";"#";"v213";"Currently pregnant"
"121";"#";"v214";"Duration of current pregnancy"
"122";"#";"v215";"NA - Time since last menstrual period"
"123";"#";"v216";"NA - Menstruated in last six weeks"
"124";"#";"v217";"NA - Knowledge of ovulatory cycle"
"125";"#";"v218";"Number of living children"
"126";"#";"v219";"Living children + current pregnancy"
"127";"#";"v220";"Living children + current pregnancy (grouped)"
"128";"#";"v221";"NA - Marriage to first birth interval (months)"
"129";"#";"v222";"Last birth to interview (months)"
"130";"#";"v223";"NA - Completeness of current pregnancy information"
"131";"#";"v224";"Entries in birth history"
"132";"#";"v225";"NA - Current pregnancy wanted"
"133";"#";"v226";"NA - Time since last period (comp) (months)"
"134";"#";"v227";"NA - Flag for last period"
"135";"#";"v228";"NA - Ever had a terminated pregnancy"
"136";"#";"v229";"NA - Month pregnancy ended"
"137";"#";"v230";"NA - Year pregnancy ended"
"138";"#";"v231";"NA - CMC pregnancy ended"
"139";"#";"v232";"NA - Completeness of last termination information"
"140";"#";"v233";"NA - Months when pregnancy ended"
"141";"#";"v234";"NA - Other such pregnancies"
"142";"#";"v235";"NA - Index last child prior to maternity-health (calendar)"
"143";"#";"v237";"Birth between last and interview"
"144";"#";"v238";"Births in last three years"
"145";"#";"v239";"NA - Pregnancies terminated before calendar beginning"
"146";"#";"v240";"NA - Month of last termination prior to calendar"
"147";"#";"v241";"NA - Year of last termination prior to calendar"
"148";"#";"v242";"NA - CMC termination ended prior to calendar"
"149";"#";"v243";"NA - Completeness of last termination date prior to calendar"
"150";"#";"v244";"NA - Can women get pregnant after birth and before period"
"151";"#";"v310";"NA - Living children at first use"
"152";"#";"v311";"NA - Children at first use (grouped)"
"153";"#";"v312";"Current contraceptive method"
"154";"#";"v313";"Current use by method type"
"155";"#";"v315";"NA - Month of start of use of method"
"156";"#";"v316";"NA - Year of start of use of method"
"157";"#";"v317";"NA - Date of start of use of method (CMC)"
"158";"#";"v318";"NA - Completeness of information"
"159";"#";"v319";"NA - Years since sterilization"
"160";"#";"v320";"NA - Age at sterilization"
"161";"#";"v321";"NA - Marital duration at sterilization"
"162";"#";"v322";"NA - Parity at sterilization"
"163";"#";"v323";"NA - Brand of pill used"
"164";"#";"v323a";"NA - Brand of condom used"
"165";"#";"v325a";"NA - Cost of current method (in CURRENCY)"
"166";"#";"v326";"Last source for current users"
"167";"#";"v327";"Last source for users by type"
"168";"#";"v337";"NA - Months of use of current method"
"169";"#";"v359";"NA - Last method discontinued in last 5 years"
"170";"#";"v360";"NA - Reason of last discontinuation"
"171";"#";"v361";"Pattern of use"
"172";"#";"v362";"NA - Intention to use"
"173";"#";"v363";"NA - Preferred future method"
"174";"#";"v364";"Contraceptive use and intention"
"175";"#";"v367";"NA - Wanted last child"
"176";"#";"v372";"NA - Shown pill package"
"177";"#";"v372a";"NA - Shown condom package"
"178";"#";"v375a";"NA - Main reason not using a method"
"179";"#";"v376";"NA - Main reason not to use a method"
"180";"#";"v376a";"NA - Would ever use method if married"
"181";"#";"v379";"NA - Source known for any method"
"182";"#";"v380";"NA - Source known for any method"
"183";"#";"v384a";"NA - Heard family planning on radio last few months"
"184";"#";"v384b";"NA - Heard family planning on TV last few months"
"185";"#";"v384c";"NA - Heard family planning in newspaper/magazine last few months"
"186";"#";"v384d";"NA - Heard family planning by text messages on mobile phone"
"187";"#";"v393";"NA - Visited by fieldworker in last 12 months"
"188";"#";"v393a";"NA - Did fieldworker talk about family planning"
"189";"#";"v394";"NA - Visited health facility last 12 months"
"190";"#";"v395";"NA - At health facility, told of family planning"
"191";"#";"v3a00a";"NA - Source of family planning for non-users: government hospital"
"192";"#";"v3a00b";"NA - Source of family planning for non-users: CS public sector"
"193";"#";"v3a00c";"NA - Source of family planning for non-users: CS public sector"
"194";"#";"v3a00d";"NA - Source of family planning for non-users: CS public sector"
"195";"#";"v3a00e";"NA - Source of family planning for non-users: CS public sector"
"196";"#";"v3a00f";"NA - Source of family planning for non-users: CS public sector"
"197";"#";"v3a00g";"NA - Source of family planning for non-users: CS public sector"
"198";"#";"v3a00h";"NA - Source of family planning for non-users: CS public sector"
"199";"#";"v3a00i";"NA - Source of family planning for non-users: CS public sector"
"200";"#";"v3a00j";"NA - Source of family planning for non-users: private hospital/clinic"
"201";"#";"v3a00k";"NA - Source of family planning for non-users: pharmacy"
"202";"#";"v3a00l";"NA - Source of family planning for non-users: private doctor"
"203";"#";"v3a00m";"NA - Source of family planning for non-users: CS private sector"
"204";"#";"v3a00n";"NA - Source of family planning for non-users: CS private sector"
"205";"#";"v3a00o";"NA - Source of family planning for non-users: CS private sector"
"206";"#";"v3a00p";"NA - Source of family planning for non-users: CS private sector"
"207";"#";"v3a00q";"NA - Source of family planning for non-users: CS private sector"
"208";"#";"v3a00r";"NA - Source of family planning for non-users: CS private sector"
"209";"#";"v3a00s";"NA - Source of family planning for non-users: CS other"
"210";"#";"v3a00t";"NA - Source of family planning for non-users: CS other"
"211";"#";"v3a00u";"NA - Source of family planning for non-users: CS other"
"212";"#";"v3a00v";"NA - Source of family planning for non-users: CS other"
"213";"#";"v3a00w";"NA - Source of family planning for non-users: CS other"
"214";"#";"v3a00x";"NA - Source of family planning for non-users: other"
"215";"#";"v3a00y";"NA - Source of family planning for non-users: no source"
"216";"#";"v3a00z";"NA - Source of family planning for non-users: any source"
"217";"#";"v3a01";"NA - Told sterilization would mean no more children"
"218";"#";"v3a02";"NA - Told about side effects"
"219";"#";"v3a03";"NA - Told about side effects by health or family planning worker"
"220";"#";"v3a04";"NA - Told how to deal with side effects"
"221";"#";"v3a05";"NA - Told about other family planning methods"
"222";"#";"v3a06";"NA - Told about other family planning methods by health or family planning worker"
"223";"#";"v3a07";"NA - First source for current method"
"224";"#";"v3a08a";"NA - Reason not using: not married"
"225";"#";"v3a08b";"NA - Reason not using: not having sex"
"226";"#";"v3a08c";"NA - Reason not using: infrequent sex"
"227";"#";"v3a08d";"NA - Reason not using: menopausal/hysterectomy"
"228";"#";"v3a08e";"NA - Reason not using: subfecund/infecund"
"229";"#";"v3a08f";"NA - Reason not using: postpartum amenorrheic"
"230";"#";"v3a08g";"NA - Reason not using: breastfeeding"
"231";"#";"v3a08h";"NA - Reason not using: fatalistic"
"232";"#";"v3a08i";"NA - Reason not using: respondent opposed"
"233";"#";"v3a08j";"NA - Reason not using: husband/partner opposed"
"234";"#";"v3a08k";"NA - Reason not using: others opposed"
"235";"#";"v3a08l";"NA - Reason not using: religious prohibition"
"236";"#";"v3a08m";"NA - Reason not using: knows no method"
"237";"#";"v3a08n";"NA - Reason not using: knows no source"
"238";"#";"v3a08o";"NA - Reason not using: health concerns"
"239";"#";"v3a08p";"NA - Reason not using: fear of side effects/health concerns"
"240";"#";"v3a08q";"NA - Reason not using: lack of access/too far"
"241";"#";"v3a08r";"NA - Reason not using: costs too much"
"242";"#";"v3a08s";"NA - Reason not using: inconvenient to use"
"243";"#";"v3a08t";"NA - Reason not using: interferes with body'??s processes"
"244";"#";"v3a08u";"NA - Reason not using: preferred method not available"
"245";"#";"v3a08v";"NA - Reason not using: no method available"
"246";"#";"v3a08w";"NA - Reason not using: CS"
"247";"#";"v3a08aa";"NA - Reason not using: CS"
"248";"#";"v3a08ab";"NA - Reason not using: CS"
"249";"#";"v3a08ac";"NA - Reason not using: CS"
"250";"#";"v3a08ad";"NA - Reason not using: CS"
"251";"#";"v3a08x";"NA - Reason not using: other"
"252";"#";"v3a08z";"NA - Reason not using: don't know"
"253";"#";"v3a09a";"NA - How many pill cycles did get last time"
"254";"#";"v3a09b";"NA - How many condoms did get last time"
"255";"#";"v401";"Last birth a caesarean section"
"256";"#";"v404";"Currently breastfeeding"
"257";"#";"v405";"NA - Currently amenorrheic"
"258";"#";"v406";"NA - Currently abstaining"
"259";"#";"v407";"NA - Number of times breastfed during night"
"260";"#";"v408";"NA - Number of times breastfed during day"
"261";"#";"v409";"Gave child plain water"
"262";"#";"v409a";"NA - Gave child sugar water"
"263";"#";"v410";"Gave child juice"
"264";"#";"v410a";"NA - Gave child tea or coffee"
"265";"#";"v411";"Gave child tinned, powdered or fresh milk"
"266";"#";"v411a";"Gave child baby formula"
"267";"#";"v412";"NA - Gave child fresh milk"
"268";"#";"v412a";"Gave child fortified baby food (cerelac, etc)"
"269";"#";"v412b";"NA - Gave child other porridge/gruel"
"270";"#";"v412c";"Gave child soup/clear broth"
"271";"#";"v413";"Gave child other liquid"
"272";"#";"v413a";"NA - Gave child CS liquid"
"273";"#";"v413b";"NA - Gave child CS liquid"
"274";"#";"v413c";"NA - Gave child CS liquid"
"275";"#";"v413d";"NA - Gave child CS liquid"
"276";"#";"v414a";"NA - Gave child CS foods"
"277";"#";"v414b";"NA - Gave child CS foods"
"278";"#";"v414c";"NA - Gave child CS foods"
"279";"#";"v414d";"NA - Gave child CS foods"
"280";"#";"v414e";"Gave child bread, noodles, other made from grains"
"281";"#";"v414f";"Gave child potatoes, cassava, or other tubers"
"282";"#";"v414g";"Gave child eggs"
"283";"#";"v414h";"Gave child meat (beef, pork, lamb, chicken, etc)"
"284";"#";"v414i";"Gave child pumpkin, carrots, squash (yellow or orange inside)"
"285";"#";"v414j";"Gave child any dark green leafy vegetables"
"286";"#";"v414k";"Gave child mangoes, papayas, other vitamin A fruits"
"287";"#";"v414l";"Gave child any other fruits"
"288";"#";"v414m";"Gave child liver, heart, other organs"
"289";"#";"v414n";"Gave child fish or shellfish"
"290";"#";"v414o";"Gave child food made from beans, peas, lentils, nuts"
"291";"#";"v414p";"Gave child cheese, yogurt, other milk products"
"292";"#";"v414q";"NA - Gave child oil, fats, butter, products made of them"
"293";"#";"v414r";"NA - Gave child chocolates, sweets, candies, pastries, etc"
"294";"#";"v414s";"Gave child other solid-semisolid food"
"295";"#";"v414t";"NA - Gave child CS foods"
"296";"#";"v414u";"NA - Gave child CS foods"
"297";"#";"v414v";"Gave child yogurt"
"298";"#";"v414w";"NA - Gave child CS foods"
"299";"#";"v415";"Drank from bottle with nipple yesterday/last night"
"300";"#";"v416";"NA - Heard of oral rehydration"
"301";"#";"v417";"Entries in pregnancy and postnatal care roster"
"302";"#";"v418";"Entries in immunization roster"
"303";"#";"v418a";"Entries in child health roster"
"304";"#";"v419";"Entries in height/weight roster"
"305";"#";"v420";"NA - Measurer's code"
"306";"#";"v421";"NA - Assistant measurer's code"
"307";"#";"v426";"When child put to breast"
"308";"#";"v437";"NA - Respondent's weight in kilograms (1 decimal)"
"309";"#";"v438";"NA - Respondent's height in centimeters (1 decimal)"
"310";"#";"v439";"NA - Height/Age percentile"
"311";"#";"v440";"Height/Age standard deviation"
"312";"#";"v441";"NA - Height/Age percent ref. median"
"313";"#";"v442";"NA - Weight/Height percent ref. median (DHS)"
"314";"#";"v443";"NA - Weight/Height percent ref. median (Fog)"
"315";"#";"v444";"NA - Weight/Height percent ref. median (WHO)"
"316";"#";"v444a";"NA - Weight/Height standard deviation (DHS)"
"317";"#";"v445";"NA - Body Mass Index"
"318";"#";"v446";"NA - Rohrer's index"
"319";"#";"v447";"NA - Result of measurement - height/weight"
"320";"#";"v447a";"NA - Women's age in years (from household questionnaire)"
"321";"#";"v452a";"NA - Under age 18 (from household questionnaire)"
"322";"#";"v452b";"NA - Line number of parent/caretaker"
"323";"#";"v452c";"NA - Read consent statement - hemoglobin"
"324";"#";"v453";"NA - Hemoglobin level (g/dl - 1 decimal)"
"325";"#";"v454";"NA - Currently pregnant (from household questionnaire)"
"326";"#";"v455";"NA - Result of measurement - hemoglobin"
"327";"#";"v456";"NA - Hemoglobin level adjusted for altitude and smoking (g/dl - 1 decimal)"
"328";"#";"v457";"NA - Anemia level"
"329";"#";"v458";"NA - Agrees to referral - anemia"
"330";"#";"v459";"NA - Have mosquito bed net for sleeping (from household questionnaire)"
"331";"#";"v460";"NA - Children under 5 slept under mosquito bed net last night (household questionnaire)"
"332";"#";"v461";"NA - Respondent slept under mosquito bed net"
"333";"#";"v462";"NA - Washed hands before preparing last meal"
"334";"#";"v463a";"NA - Smokes cigarettes"
"335";"#";"v463b";"NA - Smokes pipe full of tobacco"
"336";"#";"v463c";"NA - Chews tobacco"
"337";"#";"v463d";"NA - Snuffs by nose"
"338";"#";"v463e";"NA - Smokes kreteks"
"339";"#";"v463f";"NA - Smokes cigars, cheroots or cigarillos"
"340";"#";"v463g";"NA - Smokes water pipe"
"341";"#";"v463h";"NA - Snuff by mouth"
"342";"#";"v463i";"NA - Chews betel quid with tobacco"
"343";"#";"v463j";"NA - Smokes/uses country specific"
"344";"#";"v463k";"NA - Smokes/uses country specific"
"345";"#";"v463l";"NA - Smokes/uses country specific"
"346";"#";"v463x";"NA - Smokes/uses other"
"347";"#";"v463z";"NA - Does not use cigarettes and tobacco"
"348";"#";"v463aa";"NA - Frequency smokes cigarettes"
"349";"#";"v463ab";"NA - Frequency currently uses other type of tobacco"
"350";"#";"v464";"NA - Number of cigarettes in last 24 hours"
"351";"#";"v465";"NA - Disposal of youngest child's stools when not using toilet"
"352";"#";"v466";"NA - When child is seriously ill, can decide whether medical treatment sought"
"353";"#";"v467a";"NA - Getting medical help for self: know where to go"
"354";"#";"v467b";"NA - Getting medical help for self: getting permission to go"
"355";"#";"v467c";"NA - Getting medical help for self: getting money needed for treatment"
"356";"#";"v467d";"NA - Getting medical help for self: distance to health facility"
"357";"#";"v467e";"NA - Getting medical help for self: having to take transport"
"358";"#";"v467f";"NA - Getting medical help for self: not wanting to go alone"
"359";"#";"v467g";"NA - Getting medical help for self: concern no female health provider"
"360";"#";"v467h";"NA - Getting medical help for self: concern no provider"
"361";"#";"v467i";"NA - Getting medical help for self: concern no drugs available"
"362";"#";"v467j";"NA - Getting medical help for self: CS"
"363";"#";"v467k";"NA - Getting medical help for self: CS"
"364";"#";"v467l";"NA - Getting medical help for self: CS"
"365";"#";"v467m";"NA - Getting medical help for self: CS"
"366";"#";"v468";"NA - Record for Last Birth"
"367";"#";"v469e";"Times gave child powdered/tinned/fresh milk"
"368";"#";"v469f";"Times gave child infant formula"
"369";"#";"v469x";"Times gave child yogurt"
"370";"#";"v471a";"NA - Mother had tinned, powdered or fresh milk"
"371";"#";"v471b";"NA - Mother had tea or coffee"
"372";"#";"v471c";"NA - Mother had any other liquid"
"373";"#";"v471d";"NA - Mother had CS liquid"
"374";"#";"v471e";"NA - Mother had CS liquid"
"375";"#";"v471f";"NA - Mother had CS liquid"
"376";"#";"v471g";"NA - Mother had CS liquid"
"377";"#";"v472a";"NA - Mother had CS foods"
"378";"#";"v472b";"NA - Mother had CS foods"
"379";"#";"v472c";"NA - Mother had CS foods"
"380";"#";"v472d";"NA - Mother had CS foods"
"381";"#";"v472e";"NA - Mother had bread, noodles, other made from grains"
"382";"#";"v472f";"NA - Mother had potatoes, cassava, or other tubers"
"383";"#";"v472g";"NA - Mother had eggs"
"384";"#";"v472h";"NA - Mother had meat (beef, pork, lamb, chicken, etc)"
"385";"#";"v472i";"NA - Mother had pumpkin, carrots, squash (yellow or orange inside)"
"386";"#";"v472j";"NA - Mother had any dark green leafy vegetables"
"387";"#";"v472k";"NA - Mother had mangoes, papayas, other vitamin A fruits"
"388";"#";"v472l";"NA - Mother had any other fruits"
"389";"#";"v472m";"NA - Mother had liver, heart, other organs"
"390";"#";"v472n";"NA - Mother had fish or shellfish"
"391";"#";"v472o";"NA - Mother had food made from beans, peas, lentils, nuts"
"392";"#";"v472p";"NA - Mother had cheese, yogurt, other milk products"
"393";"#";"v472q";"NA - Mother had oil, fats, butter, products made of them"
"394";"#";"v472r";"NA - Mother had chocolates, sweets, candies, pastries, etc"
"395";"#";"v472s";"NA - Mother had other solid-semisolid food"
"396";"#";"v472t";"NA - Mother had CS foods"
"397";"#";"v472u";"NA - Mother had CS foods"
"398";"#";"v473a";"NA - Read consent statement - HIV"
"399";"#";"v473b";"NA - Result of measurement - HIV"
"400";"#";"v474";"NA - Heard of tuberculosis or TB"
"401";"#";"v474a";"NA - Tuberculosis spread by: air when coughing or sneezing"
"402";"#";"v474b";"NA - Tuberculosis spread by: sharing utensils"
"403";"#";"v474c";"NA - Tuberculosis spread by: touching a person with TB"
"404";"#";"v474d";"NA - Tuberculosis spread by: food"
"405";"#";"v474e";"NA - Tuberculosis spread by: sexual contact"
"406";"#";"v474f";"NA - Tuberculosis spread by: mosquito bites"
"407";"#";"v474g";"NA - Tuberculosis spread by: CS"
"408";"#";"v474h";"NA - Tuberculosis spread by: CS"
"409";"#";"v474i";"NA - Tuberculosis spread by: CS"
"410";"#";"v474j";"NA - Tuberculosis spread by: CS"
"411";"#";"v474x";"NA - Tuberculosis spread by: other"
"412";"#";"v474z";"NA - Tuberculosis spread by: don't know"
"413";"#";"v475";"NA - Tuberculosis can be cured"
"414";"#";"v476";"NA - Keep secret when family member gets TB"
"415";"#";"v477";"NA - Number of injections in last 12 months"
"416";"#";"v478";"NA - Number of injections administered by a health worker"
"417";"#";"v479";"NA - Place of injection by health worker"
"418";"#";"v480";"NA - Syringe and needle from new, unopened package"
"419";"#";"v481";"NA - Covered by health insurance"
"420";"#";"v481a";"NA - Health insurance type: mutual/community organization"
"421";"#";"v481b";"NA - Health insurance type: provided by employer"
"422";"#";"v481c";"NA - Health insurance type: social security"
"423";"#";"v481d";"NA - Health insurance type: private/commercially purchased"
"424";"#";"v481e";"NA - Health insurance type: CS"
"425";"#";"v481f";"NA - Health insurance type: CS"
"426";"#";"v481g";"NA - Health insurance type: CS"
"427";"#";"v481h";"NA - Health insurance type: CS"
"428";"#";"v481x";"NA - Health insurance type: other"
"429";"#";"v482a";"NA - Arrange care of biological children under age 18"
"430";"#";"v482b";"NA - Primary caregiver of children under age 18"
"431";"#";"v482c";"NA - Arrange care of non-biological children < 18"
"432";"#";"v501";"Current marital status"
"433";"#";"v502";"Currently/formerly/never in union"
"434";"#";"v503";"NA - Number of unions"
"435";"#";"v504";"NA - Currently residing with husband/partner"
"436";"#";"v505";"NA - Number of other wives"
"437";"#";"v506";"NA - Respondent's rank among wives"
"438";"#";"v507";"NA - Month of first cohabitation"
"439";"#";"v508";"NA - Year of first cohabitation"
"440";"#";"v509";"NA - Date of first cohabitation (CMC)"
"441";"#";"v510";"NA - Completeness of date information in V509"
"442";"#";"v511";"NA - Age at first cohabitation"
"443";"#";"v512";"NA - Years since first cohabitation"
"444";"#";"v513";"NA - Cohabitation duration (grouped)"
"445";"#";"v525";"NA - Age at first sex"
"446";"#";"v527";"NA - Time since last sex"
"447";"#";"v528";"NA - Time since last sex (in days)"
"448";"#";"v529";"NA - Time since last sex (in months)"
"449";"#";"v530";"NA - Flag for V529"
"450";"#";"v531";"NA - Age at first sex (imputed)"
"451";"#";"v532";"NA - Flag for V531"
"452";"#";"v535";"Ever been married or in union"
"453";"#";"v536";"NA - Recent sexual activity"
"454";"#";"v537";"NA - Months of abstinence"
"455";"#";"v538";"NA - How previous marriage or union ended"
"456";"#";"v539";"NA - Person who received most of late husband's property"
"457";"#";"v540";"NA - Respondent received any of late husband's assets or valuables"
"458";"#";"v541";"NA - Intends to wait until marriage to have sex"
"459";"#";"v602";"NA - Fertility preference"
"460";"#";"v603";"NA - Preferred waiting time for birth of a/another child"
"461";"#";"v604";"NA - Preferred waiting time for birth of a/another child (grouped)"
"462";"#";"v605";"NA - Desire for more children"
"463";"#";"v613";"NA - Ideal number of children"
"464";"#";"v614";"NA - Ideal number of children (grouped)"
"465";"#";"v616";"NA - Time for future birth"
"466";"#";"v621";"NA - Husband's desire for children"
"467";"#";"v623";"NA - Exposure"
"468";"#";"v624";"NA - Unmet need"
"469";"#";"v625";"NA - Exposure (definition 2)"
"470";"#";"v626";"NA - Unmet need (definition 2)"
"471";"#";"v625a";"NA - Exposure to need for contraception (definition 3)"
"472";"#";"v626a";"NA - Unmet need for contraception (definition 3)"
"473";"#";"v627";"NA - Ideal number of boys"
"474";"#";"v628";"NA - Ideal number of girls"
"475";"#";"v629";"NA - Ideal number of either sex"
"476";"#";"v631";"NA - Problem if became pregnant"
"477";"#";"v632";"NA - Decision maker for using contraception"
"478";"#";"v632a";"NA - Decision maker for not using contraception"
"479";"#";"v633a";"NA - Reason for not having sex: husband has STI"
"480";"#";"v633b";"NA - Reason for not having sex: husband has other women"
"481";"#";"v633c";"NA - Reason for not having sex: recent birth"
"482";"#";"v633d";"NA - Reason for not having sex: tired, not in mood"
"483";"#";"v633e";"NA - Reason for not having sex: CS"
"484";"#";"v633f";"NA - Reason for not having sex: CS"
"485";"#";"v633g";"NA - Reason for not having sex: CS"
"486";"#";"v634";"NA - Husband knows that respondent is using contraception"
"487";"#";"v701";"NA - Husband/partner's education level"
"488";"#";"v702";"NA - Husband/partner's highest year of education (at level in V701)"
"489";"#";"v704";"NA - Husband/partner's occupation"
"490";"#";"v704a";"NA - Husband/partner worked in last 7 days/12 months"
"491";"#";"v705";"NA - Husband/partner's occupation (grouped)"
"492";"#";"v714";"NA - Respondent currently working"
"493";"#";"v714a";"NA - Respondent has a job, but currently absent"
"494";"#";"v715";"NA - Husband/partner's total number of years of education"
"495";"#";"v716";"NA - Respondent's occupation"
"496";"#";"v717";"NA - Respondent's occupation (grouped)"
"497";"#";"v719";"NA - Respondent works for family, others, self"
"498";"#";"v721";"NA - Respondent works at home or away"
"499";"#";"v729";"NA - Husband/partner's educational attainment"
"500";"#";"v730";"NA - Husband/partner's age"
"501";"#";"v731";"NA - Respondent worked in last 12 months"
"502";"#";"v732";"NA - Respondent employed all year/seasonal"
"503";"#";"v739";"NA - Person who usually decides how to spend respondent's earnings"
"504";"#";"v740";"NA - Type of land where respondent works"
"505";"#";"v741";"NA - Type of earnings from respondent's work"
"506";"#";"v743a";"NA - Person who usually decides on respondent's health care"
"507";"#";"v743b";"NA - Person who usually decides on large household purchases"
"508";"#";"v743c";"NA - Person who usually decides on household purchases for daily needs"
"509";"#";"v743d";"NA - Person who usually decides on visits to family or relatives"
"510";"#";"v743e";"NA - Person who usually decides on food to be cooked each day"
"511";"#";"v743f";"NA - Person who usually decides what to do with money husband earns"
"512";"#";"v744a";"NA - Beating justified if wife goes out without telling husband"
"513";"#";"v744b";"NA - Beating justified if wife neglects the children"
"514";"#";"v744c";"NA - Beating justified if wife argues with husband"
"515";"#";"v744d";"NA - Beating justified if wife refuses to have sex with husband"
"516";"#";"v744e";"NA - Beating justified if wife burns the food"
"517";"#";"v745a";"NA - Owns a house alone or jointly"
"518";"#";"v745b";"NA - Owns land alone or jointly"
"519";"#";"v745c";"NA - Title deed on house own by respondent"
"520";"#";"v745d";"NA - Title deed on land own by respondent"
"521";"#";"v746";"NA - Respondent earns more than husband/partner"
"522";"#";"bidx";"Birth column number"
"523";"#";"bord";"Birth order number"
"524";"#";"b0";"Child is twin"
"525";"#";"b1";"Month of birth"
"526";"#";"b2";"Year of birth"
"527";"#";"b3";"Date of birth (CMC)"
"528";"#";"b4";"Sex of child"
"529";"#";"b5";"Child is alive"
"530";"#";"b6";"Age at death"
"531";"#";"b7";"Age at death (months, imputed)"
"532";"#";"b8";"Current age of child"
"533";"#";"b9";"Child lives with whom"
"534";"#";"b10";"Completeness of information"
"535";"#";"b11";"Preceding birth interval (months)"
"536";"#";"b12";"Succeeding birth interval (months)"
"537";"#";"b13";"Flag for age at death"
"538";"#";"b15";"Live birth between births"
"539";"#";"b16";"Child's line number in household"
"540";"#";"b17";"Day of birth"
"541";"#";"b18";"Century Day Code of birth (CDC)"
"542";"#";"b19";"Current age of child in months (months since birth for dead children)"
"543";"#";"b20";"NA - Duration of pregnancy"
"544";"#";"m1";"NA - Number of tetanus injections before birth"
"545";"#";"m1a";"NA - Number of tetanus injections before pregnancy"
"546";"#";"m1b";"NA - Month of last tetanus injection before pregnancy"
"547";"#";"m1c";"NA - Year of last tetanus injection before pregnancy"
"548";"#";"m1d";"NA - Years ago received last tetanus injection before pregnancy"
"549";"#";"m1e";"NA - Last tetanus injection before pregnancy (CMC)"
"550";"#";"m2a";"Prenatal: doctor"
"551";"#";"m2b";"Prenatal: nurse"
"552";"#";"m2c";"Prenatal: midwife"
"553";"#";"m2d";"NA - Prenatal: CS health professional"
"554";"#";"m2e";"Prenatal: health officer"
"555";"#";"m2f";"Prenatal: health extension worker"
"556";"#";"m2g";"Prenatal: traditional birth attendant"
"557";"#";"m2h";"NA - Prenatal: CS other person"
"558";"#";"m2i";"NA - Prenatal: CS other person"
"559";"#";"m2j";"NA - Prenatal: CS other person"
"560";"#";"m2k";"Prenatal: other"
"561";"#";"m2l";"NA - Prenatal: CS other"
"562";"#";"m2m";"NA - Prenatal: CS other"
"563";"#";"m2n";"Prenatal: no one"
"564";"#";"m3a";"Assistance: doctor"
"565";"#";"m3b";"Assistance: nurse"
"566";"#";"m3c";"Assistance: midwife"
"567";"#";"m3d";"NA - Assistance: CS health professional"
"568";"#";"m3e";"Assistance: health officer"
"569";"#";"m3f";"Assistance: health extension worker"
"570";"#";"m3g";"Assistance: traditional birth attendant"
"571";"#";"m3h";"Assistance: Friend/Relatives"
"572";"#";"m3i";"NA - Assistance: CS other person"
"573";"#";"m3j";"NA - Assistance: CS other person"
"574";"#";"m3k";"Assistance: other"
"575";"#";"m3l";"NA - Assistance: CS other"
"576";"#";"m3m";"NA - Assistance: CS other"
"577";"#";"m3n";"Assistance: no one"
"578";"#";"m4";"Duration of breastfeeding"
"579";"#";"m5";"Months of breastfeeding"
"580";"#";"m6";"NA - Duration of amenorrhea"
"581";"#";"m7";"NA - Months of amenorrhea"
"582";"#";"m8";"NA - Duration of abstinence"
"583";"#";"m9";"NA - Months of abstinence"
"584";"#";"m10";"NA - Wanted pregnancy when became pregnant"
"585";"#";"m11";"NA - Desired time would have waited"
"586";"#";"m13";"Timing of 1st antenatal check (months)"
"587";"#";"m14";"Number of antenatal visits during pregnancy"
"588";"#";"m15";"Place of delivery"
"589";"#";"m17";"Delivery by caesarean section"
"590";"#";"m17a";"NA - Timing on decision for caesarean section"
"591";"#";"m18";"NA - Size of child at birth"
"592";"#";"m19";"NA - Birth weight in kilograms (3 decimals)"
"593";"#";"m19a";"NA - Weight at birth/recall"
"594";"#";"m27";"NA - Flag for breastfeeding"
"595";"#";"m28";"NA - Flag for amenorrhea"
"596";"#";"m29";"NA - Flag for abstinence"
"597";"#";"m34";"When child put to breast"
"598";"#";"m35";"NA - Number of times breastfed during previous night"
"599";"#";"m36";"NA - Number of times breastfed during previous day"
"600";"#";"m38";"Drank from bottle with nipple yesterday/last night"
"601";"#";"m39a";"Did eat any solid, semi-solid or soft foods yesterday"
"602";"#";"m39";"Number of times ate solid, semi-solid or soft food yesterday"
"603";"#";"m42a";"NA - During pregnancy: weighed"
"604";"#";"m42b";"NA - During pregnancy: height measured"
"605";"#";"m42c";"During pregnancy: blood pressure taken"
"606";"#";"m42d";"During pregnancy: urine sample taken"
"607";"#";"m42e";"During pregnancy: blood sample taken"
"608";"#";"m43";"NA - Told about pregnancy complications"
"609";"#";"m44";"NA - Told where to go for pregnancy complications"
"610";"#";"m45";"During pregnancy, given or bought iron tablets/syrup"
"611";"#";"m46";"Days tablets or syrup taken"
"612";"#";"m47";"NA - During pregnancy, had difficulty with daylight vision"
"613";"#";"m48";"NA - During pregnancy, had difficulty with night blindness"
"614";"#";"m49a";"NA - During pregnancy took: SP/fansidar for malaria"
"615";"#";"m49b";"NA - During pregnancy took: chloroquine for malaria"
"616";"#";"m49c";"NA - During pregnancy took: CS drug for malaria"
"617";"#";"m49d";"NA - During pregnancy took: CS drug for malaria"
"618";"#";"m49e";"NA - During pregnancy took: CS drug for malaria"
"619";"#";"m49f";"NA - During pregnancy took: CS drug for malaria"
"620";"#";"m49g";"NA - During pregnancy took: CS drug for malaria"
"621";"#";"m49x";"NA - During pregnancy took: other drug for malaria"
"622";"#";"m49z";"NA - During pregnancy took: don't know"
"623";"#";"m49y";"NA - During pregnancy took: no drug for malaria"
"624";"#";"m54";"NA - Received Vitamin A dose in first 2 months after delivery"
"625";"#";"m55";"Given child anything other than breast milk"
"626";"#";"m55a";"NA - First 3 days, given milk (other than breast milk)"
"627";"#";"m55b";"NA - First 3 days, given plain water"
"628";"#";"m55c";"NA - First 3 days, given sugar/glucose water"
"629";"#";"m55d";"NA - First 3 days, given gripe water"
"630";"#";"m55e";"NA - First 3 days, given sugar/salt solution"
"631";"#";"m55f";"NA - First 3 days, given fruit juice"
"632";"#";"m55g";"NA - First 3 days, given infant formula"
"633";"#";"m55h";"NA - First 3 days, given tea/infusions"
"634";"#";"m55i";"NA - First 3 days, given honey"
"635";"#";"m55j";"NA - First 3 days, given coffee"
"636";"#";"m55k";"NA - First 3 days, given country specific"
"637";"#";"m55l";"NA - First 3 days, given country specific"
"638";"#";"m55m";"NA - First 3 days, given country specific"
"639";"#";"m55n";"NA - First 3 days, given country specific"
"640";"#";"m55o";"NA - First 3 days, given country specific"
"641";"#";"m55x";"NA - First 3 days, given other"
"642";"#";"m55z";"NA - First 3 days, given nothing"
"643";"#";"m57a";"Antenatal care: respondent's home"
"644";"#";"m57b";"Antenatal care: other home"
"645";"#";"m57c";"NA - Antenatal care: CS home"
"646";"#";"m57d";"NA - Antenatal care: CS home"
"647";"#";"m57e";"Antenatal care: government hospital"
"648";"#";"m57f";"Antenatal care: government health center"
"649";"#";"m57g";"Antenatal care: government health post"
"650";"#";"m57h";"Antenatal care: other health public"
"651";"#";"m57i";"NA - Antenatal care: CS public health"
"652";"#";"m57j";"NA - Antenatal care: CS public health"
"653";"#";"m57k";"NA - Antenatal care: CS public health"
"654";"#";"m57l";"NA - Antenatal care: CS public health"
"655";"#";"m57m";"Antenatal care: private hospital"
"656";"#";"m57n";"Antenatal care: CS private clinic"
"657";"#";"m57o";"Antenatal care: other private medical"
"658";"#";"m57p";"NA - Antenatal care: CS private medical"
"659";"#";"m57q";"NA - Antenatal care: CS private medical"
"660";"#";"m57r";"NA - Antenatal care: CS private medical"
"661";"#";"m57s";"Antenatal care: NGO health facility"
"662";"#";"m57t";"Antenatal care: NGO other health facility"
"663";"#";"m57u";"NA - Antenatal care: CS other"
"664";"#";"m57v";"NA - Antenatal care: CS other"
"665";"#";"m57x";"Antenatal care: other"
"666";"#";"m60";"NA - Drugs for intestinal parasites during pregnancy"
"667";"#";"m61";"NA - Time spent at place of delivery"
"668";"#";"m62";"Respondent's health checked before discharge"
"669";"#";"m63";"How long before discharging respondent health check took place"
"670";"#";"m64";"Who checked respondent health before discharge"
"671";"#";"m65a";"NA - Reason didn't deliver at health facility: cost too much"
"672";"#";"m65b";"NA - Reason didn't deliver at health facility: facility not open"
"673";"#";"m65c";"NA - Reason didn't deliver at health facility: too far/no transport"
"674";"#";"m65d";"NA - Reason didn't deliver at health facility: don't trust facility/poor service"
"675";"#";"m65e";"NA - Reason didn't deliver at health facility: no female provider"
"676";"#";"m65f";"NA - Reason didn't deliver at health facility: husband/family didn't allow"
"677";"#";"m65g";"NA - Reason didn't deliver at health facility: not necessary"
"678";"#";"m65h";"NA - Reason didn't deliver at health facility: not customary"
"679";"#";"m65i";"NA - Reason didn't deliver at health facility: CS"
"680";"#";"m65j";"NA - Reason didn't deliver at health facility: CS"
"681";"#";"m65k";"NA - Reason didn't deliver at health facility: CS"
"682";"#";"m65l";"NA - Reason didn't deliver at health facility: CS"
"683";"#";"m65x";"NA - Reason didn't deliver at health facility: other"
"684";"#";"m66";"Respondent's health checked after discharge/delivery at home"
"685";"#";"m67";"How long after discharge/delivery at home respondent health check took place"
"686";"#";"m68";"Who checked respondent health after discharge/delivery at home"
"687";"#";"m69";"Where respondent check after discharge/delivery at home took place"
"688";"#";"m70";"Baby postnatal check within 2 months"
"689";"#";"m71";"Time after delivery postnatal check took place"
"690";"#";"m72";"Person who performed postnatal checkup"
"691";"#";"m73";"Place baby was first checked"
"692";"#";"m74";"Child's health checked before discharge"
"693";"#";"m75";"How long before discharging child health check took place"
"694";"#";"m76";"Who checked child health before discharge"
"695";"#";"m77";"NA - Was child put on mother's chest and bare skin after birth"
"696";"#";"m78a";"During first 2 days health provider: examine cord"
"697";"#";"m78b";"During first 2 days health provider: measure temperature"
"698";"#";"m78c";"During first 2 days health provider: counsel on newborn dangers"
"699";"#";"m78d";"During first 2 days health provider: counsel on breastfeeding"
"700";"#";"m78e";"During first 2 days health provider: observe breastfeeding"
"701";"#";"m78f";"NA - During first 2 days health provider: CS"
"702";"#";"m78g";"NA - During first 2 days health provider: CS"
"703";"#";"m78h";"NA - During first 2 days health provider: CS"
"704";"#";"m78i";"NA - During first 2 days health provider: CS"
"705";"#";"m78j";"NA - During first 2 days health provider: CS"
"706";"#";"hidx";"Index to birth history"
"707";"#";"h1";"Has health card"
"708";"#";"h1a";"Has health card and or other vaccination document"
"709";"#";"h2";"Received BCG"
"710";"#";"h2d";"BCG day"
"711";"#";"h2m";"BCG month"
"712";"#";"h2y";"BCG year"
"713";"#";"h3";"Received DPT 1"
"714";"#";"h3d";"DPT 1 day"
"715";"#";"h3m";"DPT 1 month"
"716";"#";"h3y";"DPT 1 year"
"717";"#";"h4";"Received POLIO 1"
"718";"#";"h4d";"POLIO 1 day"
"719";"#";"h4m";"POLIO 1 month"
"720";"#";"h4y";"POLIO 1 year"
"721";"#";"h5";"Received DPT 2"
"722";"#";"h5d";"DPT 2 day"
"723";"#";"h5m";"DPT 2 month"
"724";"#";"h5y";"DPT 2 year"
"725";"#";"h6";"Received POLIO 2"
"726";"#";"h6d";"POLIO 2 day"
"727";"#";"h6m";"POLIO 2 month"
"728";"#";"h6y";"POLIO 2 year"
"729";"#";"h7";"Received DPT 3"
"730";"#";"h7d";"DPT 3 day"
"731";"#";"h7m";"DPT 3 month"
"732";"#";"h7y";"DPT 3 year"
"733";"#";"h8";"Received POLIO 3"
"734";"#";"h8d";"POLIO 3 day"
"735";"#";"h8m";"POLIO 3 month"
"736";"#";"h8y";"POLIO 3 year"
"737";"#";"h9";"Received MEASLES 1"
"738";"#";"h9d";"MEASLES 1 day"
"739";"#";"h9m";"MEASLES 1 month"
"740";"#";"h9y";"MEASLES 1 year"
"741";"#";"h9a";"Received MEASLES 2"
"742";"#";"h9ad";"MEASLES 2 day"
"743";"#";"h9am";"MEASLES 2 month"
"744";"#";"h9ay";"MEASLES 2 year"
"745";"#";"h0";"Received POLIO 0"
"746";"#";"h0d";"POLIO 0 day"
"747";"#";"h0m";"POLIO 0 month"
"748";"#";"h0y";"POLIO 0 year"
"749";"#";"h10";"Ever had vaccination"
"750";"#";"h33";"Received Vitamin A1 (most recent)"
"751";"#";"h33d";"Vitamin A1 day"
"752";"#";"h33m";"Vitamin A1 month"
"753";"#";"h33y";"Vitamin A1 year"
"754";"#";"h35";"NA - Any vaccinations in last 2 years part of campaign"
"755";"#";"h36a";"NA - Vaccinated during Campaign A"
"756";"#";"h36b";"NA - Vaccinated during Campaign B"
"757";"#";"h36c";"NA - Vaccinated during Campaign C"
"758";"#";"h36d";"NA - Vaccinated during Campaign D"
"759";"#";"h36e";"NA - Vaccinated during Campaign E"
"760";"#";"h36f";"NA - Vaccinated during Campaign F"
"761";"#";"h40";"NA - Received Vitamin A2 (2nd most recent)"
"762";"#";"h40d";"NA - Vitamin A2 day"
"763";"#";"h40m";"NA - Vitamin A2 month"
"764";"#";"h40y";"NA - Vitamin A2 year"
"765";"#";"h41a";"NA - Received vitamin A after most recent in card"
"766";"#";"h41b";"NA - Ever received Vitamin A dose"
"767";"#";"h50";"NA - Received Hepatitis B at birth"
"768";"#";"h50d";"NA - Hepatitis B at birth day"
"769";"#";"h50m";"NA - Hepatitis B at birth month"
"770";"#";"h50y";"NA - Hepatitis B at birth year"
"771";"#";"h51";"Received Pentavalent 1"
"772";"#";"h51d";"Pentavalent 1 day"
"773";"#";"h51m";"Pentavalent 1 month"
"774";"#";"h51y";"Pentavalent 1 year"
"775";"#";"h52";"Received Pentavalent 2"
"776";"#";"h52d";"Pentavalent 2 day"
"777";"#";"h52m";"Pentavalent 2 month"
"778";"#";"h52y";"Pentavalent 2 year"
"779";"#";"h53";"Received Pentavalent 3"
"780";"#";"h53d";"Pentavalent 3 day"
"781";"#";"h53m";"Pentavalent 3 month"
"782";"#";"h53y";"Pentavalent 3 year"
"783";"#";"h54";"Received Pneumococcal 1"
"784";"#";"h54d";"Pneumococcal 1 day"
"785";"#";"h54m";"Pneumococcal 1 month"
"786";"#";"h54y";"Pneumococcal 1 year"
"787";"#";"h55";"Received Pneumococcal 2"
"788";"#";"h55d";"Pneumococcal 2 day"
"789";"#";"h55m";"Pneumococcal 2 month"
"790";"#";"h55y";"Pneumococcal 2 year"
"791";"#";"h56";"Received Pneumococcal 3"
"792";"#";"h56d";"Pneumococcal 3 day"
"793";"#";"h56m";"Pneumococcal 3 month"
"794";"#";"h56y";"Pneumococcal 3 year"
"795";"#";"h57";"Received Rotavirus 1"
"796";"#";"h57d";"Rotavirus 1 day"
"797";"#";"h57m";"Rotavirus 1 month"
"798";"#";"h57y";"Rotavirus 1 year"
"799";"#";"h58";"Received Rotavirus 2"
"800";"#";"h58d";"Rotavirus 2 day"
"801";"#";"h58m";"Rotavirus 2 month"
"802";"#";"h58y";"Rotavirus 2 year"
"803";"#";"h59";"NA - Received Rotavirus 3"
"804";"#";"h59d";"NA - Rotavirus 3 day"
"805";"#";"h59m";"NA - Rotavirus 3 month"
"806";"#";"h59y";"NA - Rotavirus 3 year"
"807";"#";"h60";"Received Polio inactive"
"808";"#";"h60d";"Polio inactive day"
"809";"#";"h60m";"Polio inactive month"
"810";"#";"h60y";"Polio inactive year"
"811";"#";"h61";"Received Hepatitis B 1"
"812";"#";"h61d";"Hepatitis B 1 day"
"813";"#";"h61m";"Hepatitis B 1 month"
"814";"#";"h61y";"Hepatitis B 1 year"
"815";"#";"h62";"Received Hepatitis B 2"
"816";"#";"h62d";"Hepatitis B 2 day"
"817";"#";"h62m";"Hepatitis B 2 month"
"818";"#";"h62y";"Hepatitis B 2 year"
"819";"#";"h63";"Received Hepatitis B 3"
"820";"#";"h63d";"Hepatitis B 3 day"
"821";"#";"h63m";"Hepatitis B 3 month"
"822";"#";"h63y";"Hepatitis B 3 year"
"823";"#";"h64";"Received HiB 1"
"824";"#";"h64d";"HiB 1 day"
"825";"#";"h64m";"HiB 1 month"
"826";"#";"h64y";"HiB 1 year"
"827";"#";"h65";"Received HiB 2"
"828";"#";"h65d";"HiB 2 day"
"829";"#";"h65m";"HiB 2 month"
"830";"#";"h65y";"HiB 2 year"
"831";"#";"h66";"Received HiB 3"
"832";"#";"h66d";"HiB 3 day"
"833";"#";"h66m";"HiB 3 month"
"834";"#";"h66y";"HiB 3 year"
"835";"#";"h80a";"NA - In the last 7 days given: LOCAL NAME for multiple micronutrient powder"
"836";"#";"h80b";"NA - In the last 7 days given: LOCAL NAME ready to use therapeutic food"
"837";"#";"h80c";"NA - In the last 7 days given: LOCAL NAME for ready to use supplemental food"
"838";"#";"h80d";"NA - In the last 7 days given: CS"
"839";"#";"h80e";"NA - In the last 7 days given: CS"
"840";"#";"h80f";"NA - In the last 7 days given: CS"
"841";"#";"h80g";"NA - In the last 7 days given: CS"
"842";"#";"hidxa";"Index to birth history"
"843";"#";"h11";"NA - Had diarrhea recently"
"844";"#";"h11b";"NA - Blood in the stools"
"845";"#";"h12a";"NA - Diarrhea: government hospital"
"846";"#";"h12b";"NA - Diarrhea: CS public sector"
"847";"#";"h12c";"NA - Diarrhea: CS public sector"
"848";"#";"h12d";"NA - Diarrhea: CS public sector"
"849";"#";"h12e";"NA - Diarrhea: CS public sector"
"850";"#";"h12f";"NA - Diarrhea: CS public sector"
"851";"#";"h12g";"NA - Diarrhea: CS public sector"
"852";"#";"h12h";"NA - Diarrhea: CS public sector"
"853";"#";"h12i";"NA - Diarrhea: CS public sector"
"854";"#";"h12j";"NA - Diarrhea: private hospital/clinic"
"855";"#";"h12k";"NA - Diarrhea: private pharmacy"
"856";"#";"h12l";"NA - Diarrhea: private doctor"
"857";"#";"h12m";"NA - Diarrhea: CS private medical"
"858";"#";"h12n";"NA - Diarrhea: CS private medical"
"859";"#";"h12o";"NA - Diarrhea: CS private medical"
"860";"#";"h12p";"NA - Diarrhea: CS private medical"
"861";"#";"h12q";"NA - Diarrhea: CS private medical"
"862";"#";"h12r";"NA - Diarrhea: CS private medical"
"863";"#";"h12s";"NA - Diarrhea: CS other sector"
"864";"#";"h12t";"NA - Diarrhea: CS other sector"
"865";"#";"h12u";"NA - Diarrhea: CS other sector"
"866";"#";"h12v";"NA - Diarrhea: CS other sector"
"867";"#";"h12w";"NA - Diarrhea: CS other sector"
"868";"#";"h12x";"NA - Diarrhea: Other"
"869";"#";"h12y";"NA - Diarrhea: no treatment"
"870";"#";"h12z";"NA - Diarrhea: medical treatment"
"871";"#";"h13";"NA - Given oral rehydration"
"872";"#";"h13b";"NA - Given pre-packaged ORS liquid"
"873";"#";"h14";"NA - Given recommended home solution"
"874";"#";"h15";"NA - Given antibiotic pills or syrups"
"875";"#";"h15a";"NA - Given antimotility"
"876";"#";"h15b";"NA - Given antibiotic injection"
"877";"#";"h15c";"NA - Given intravenous (IV)"
"878";"#";"h15d";"NA - Given home remedy, herbal medicine"
"879";"#";"h15e";"NA - Given zinc"
"880";"#";"h15f";"NA - Given other (not antibiotic, antimotility, zinc)"
"881";"#";"h15g";"NA - Given unknown pill or syrup"
"882";"#";"h15h";"NA - Given non-antibiotic injection"
"883";"#";"h15i";"NA - Given unknown injection"
"884";"#";"h15j";"NA - Given CS"
"885";"#";"h15k";"NA - Given CS"
"886";"#";"h15l";"NA - Given CS"
"887";"#";"h15m";"NA - Given CS"
"888";"#";"h20";"NA - Given other treatment"
"889";"#";"h21a";"NA - Given no treatment"
"890";"#";"h21";"NA - Received any treatment"
"891";"#";"h22";"NA - Had fever in last two weeks"
"892";"#";"h31";"NA - Had cough in last two weeks"
"893";"#";"h31b";"NA - Short, rapid breaths"
"894";"#";"h31c";"NA - Problem in the chest or blocked or running nose"
"895";"#";"h31d";"NA - Had fever/cough in last 2 weeks: amount offered to drink"
"896";"#";"h31e";"NA - Had fever/cough in last 2 weeks: amount offered to eat"
"897";"#";"h32a";"NA - Fever/cough: government hospital"
"898";"#";"h32b";"NA - Fever/cough: CS public sector"
"899";"#";"h32c";"NA - Fever/cough: CS public sector"
"900";"#";"h32d";"NA - Fever/cough: CS public sector"
"901";"#";"h32e";"NA - Fever/cough: CS public sector"
"902";"#";"h32f";"NA - Fever/cough: CS public sector"
"903";"#";"h32g";"NA - Fever/cough: CS public sector"
"904";"#";"h32h";"NA - Fever/cough: CS public sector"
"905";"#";"h32i";"NA - Fever/cough: CS public sector"
"906";"#";"h32j";"NA - Fever/cough: private hospital/ clinic"
"907";"#";"h32k";"NA - Fever/cough: private pharmacy"
"908";"#";"h32l";"NA - Fever/cough: private doctor"
"909";"#";"h32m";"NA - Fever/cough: CS private medical"
"910";"#";"h32n";"NA - Fever/cough: CS private medical"
"911";"#";"h32o";"NA - Fever/cough: CS private medical"
"912";"#";"h32p";"NA - Fever/cough: CS private medical"
"913";"#";"h32q";"NA - Fever/cough: CS private medical"
"914";"#";"h32r";"NA - Fever/cough: CS private medical"
"915";"#";"h32s";"NA - Fever/cough: CS other sector"
"916";"#";"h32t";"NA - Fever/cough: CS other sector"
"917";"#";"h32u";"NA - Fever/cough: CS other sector"
"918";"#";"h32v";"NA - Fever/cough: CS other sector"
"919";"#";"h32w";"NA - Fever/cough: CS other sector"
"920";"#";"h32x";"NA - Fever/cough: other"
"921";"#";"h32y";"NA - Fever/cough: no treatment"
"922";"#";"h32z";"NA - Fever/cough: medical treatment"
"923";"#";"h34";"Vitamin A in last 6 months"
"924";"#";"h37a";"NA - SP/Fansidar taken for fever"
"925";"#";"h37b";"NA - Chloroquine taken for fever"
"926";"#";"h37c";"NA - Amodiaquine taken for fever"
"927";"#";"h37d";"NA - Quinine taken for fever"
"928";"#";"h37da";"NA - Quinine injection/IV taken for fever"
"929";"#";"h37e";"NA - Combination with artemisinin taken for fever"
"930";"#";"h37aa";"NA - Artesunate rectal taken for fever"
"931";"#";"h37ab";"NA - Artesunate injection/IV taken for fever"
"932";"#";"h37f";"NA - CS antimalarial taken for fever"
"933";"#";"h37g";"NA - CS antimalarial taken for fever"
"934";"#";"h37h";"NA - Other antimalarial taken for fever"
"935";"#";"h37i";"NA - Antibiotic pill/syrup taken for fever"
"936";"#";"h37j";"NA - Antibiotic injection taken for fever"
"937";"#";"h37k";"NA - Aspirin taken for fever"
"938";"#";"h37l";"NA - Acetaminophen/paracetamol/panadol taken for fever"
"939";"#";"h37m";"NA - Ibuprofen taken for fever"
"940";"#";"h37n";"NA - CS other taken for fever"
"941";"#";"h37o";"NA - CS other for fever/cough"
"942";"#";"h37p";"NA - CS other for fever/cough"
"943";"#";"h37x";"NA - Other taken for fever"
"944";"#";"h37y";"NA - Nothing taken and didn't seek treatment for fever/cough"
"945";"#";"h37z";"NA - Don't know if or what was taken for fever"
"946";"#";"h38";"NA - Diarrhea in last 2 weeks: amount offered to drink"
"947";"#";"h39";"NA - Diarrhea in last 2 weeks: amount offered to eat"
"948";"#";"h42";"NA - Taking iron pills, sprinkles or syrup"
"949";"#";"h43";"NA - Drugs for intestinal parasites in last 6 months"
"950";"#";"h44a";"NA - Place first sought treatment for diarrhea"
"951";"#";"h44b";"NA - Days after diarrhea sought advice or treatment"
"952";"#";"h44c";"NA - Still has diarrhea"
"953";"#";"h45";"NA - Times zinc was given"
"954";"#";"h46a";"NA - Place first sought treatment for fever"
"955";"#";"h46b";"NA - Number of days after fever began sought advice or treatment"
"956";"#";"h47";"NA - Blood taken from child's finger/heel for testing"
"957";"#";"hwidx";"Index to Birth History"
"958";"#";"hw1";"Child's age in months"
"959";"#";"hw2";"Child's weight in kilograms (1 decimal)"
"960";"#";"hw3";"Child's height in centimeters (1 decimal)"
"961";"#";"hw4";"Height/Age percentile"
"962";"#";"hw5";"Height/Age standard deviation"
"963";"#";"hw6";"Height/Age percent of ref. median"
"964";"#";"hw7";"Weight/Age percentile"
"965";"#";"hw8";"Weight/Age standard deviation"
"966";"#";"hw9";"Weight/Age percent of ref. median"
"967";"#";"hw10";"Weight/Height percentile"
"968";"#";"hw11";"Weight/Height standard deviation"
"969";"#";"hw12";"Weight/Height percent of ref. median"
"970";"#";"hw13";"Result of measurement - height/weight"
"971";"#";"hw15";"Height: lying or standing"
"972";"#";"hw16";"Day of birth of child"
"973";"#";"hw17";"Date measured (day)"
"974";"#";"hw18";"Date measured (month)"
"975";"#";"hw19";"Date measured (year)"
"976";"#";"hw51";"NA - Line number of parent/caretaker"
"977";"#";"hw52";"NA - Read consent statement - hemoglobin"
"978";"#";"hw53";"NA - Hemoglobin level (g/dl - 1 decimal)"
"979";"#";"hw55";"NA - Result of measurement - hemoglobin"
"980";"#";"hw56";"NA - Hemoglobin level adjusted for altitude (g/dl - 1 decimal)"
"981";"#";"hw57";"NA - Anemia level"
"982";"#";"hw58";"NA - Agrees to referral - anemia"
"983";"#";"hw70";"Height/Age standard deviation (new WHO)"
"984";"#";"hw71";"Weight/Age standard deviation (new WHO)"
"985";"#";"hw72";"Weight/Height standard deviation (new WHO)"
"986";"#";"hw73";"BMI standard deviation (new WHO)"
"987";"#";"s107";"Ever attended school"
"988";"#";"s108";"Highest educational level"
"989";"#";"s109";"Highest grade/form/year at that level"
"990";"#";"idx94";"Index to Birth History"
"991";"#";"s413d";"During pregnancy: counseling health worker"
"992";"#";"s414";"During (any of) your antenatal care visit(s), were you told about the signs of pregnancy complications or danger sign of pregnancy?"
"993";"#";"s415a";"Which signs of pregnancy complications were you told about: vaginal bleeding?"
"994";"#";"s415b";"Which signs of pregnancy complications were you told about: vaginal gush of fluid?"
"995";"#";"s415c";"Which signs of pregnancy complications were you told about: severe headache?"
"996";"#";"s415d";"Which signs of pregnancy complications were you told about: blurred vision?"
"997";"#";"s415e";"Which signs of pregnancy complications were you told about: fever?"
"998";"#";"s415f";"Which signs of pregnancy complications were you told about: abdominal pain?"
"999";"#";"s415g";"Which signs of pregnancy complications were you told about: convulsion?"
"1000";"#";"s415x";"Which signs of pregnancy complications were you told about: other?"
"1001";"#";"idx95";"Index to Birth History"
"1002";"#";"sf601";"Any child received any vaccination at health facility?"
"1003";"#";"sf603";"General consent"
"1004";"#";"sff102";"Have you located the vaccination records of?"
"1005";"#";"s104b";"Received BCG"
"1006";"#";"sd104b";"BCG day"
"1007";"#";"sm104b";"BCG month"
"1008";"#";"sy104b";"BCG year"
"1009";"#";"s104d1";"Received DPT 1"
"1010";"#";"sd104d1";"DPT 1 day"
"1011";"#";"sm104d1";"DPT 1 month"
"1012";"#";"sy104d1";"DPT 1 year"
"1013";"#";"s104p1";"Received POLIO 1"
"1014";"#";"sd104p1";"POLIO 1 day"
"1015";"#";"sm104p1";"POLIO 1 month"
"1016";"#";"sy104p1";"POLIO 1 year"
"1017";"#";"s104d2";"Received DPT 2"
"1018";"#";"sd104d2";"DPT 2 day"
"1019";"#";"sm104d2";"DPT 2 month"
"1020";"#";"sy104d2";"DPT 2 year"
"1021";"#";"s104p2";"Received POLIO 2"
"1022";"#";"sd104p2";"POLIO 2 day"
"1023";"#";"sm104p2";"POLIO 2 month"
"1024";"#";"sy104p2";"POLIO 2 year"
"1025";"#";"s104d3";"Received DPT 3"
"1026";"#";"sd104d3";"DPT 3 day"
"1027";"#";"sm104d3";"DPT 3 month"
"1028";"#";"sy104d3";"DPT 3 year"
"1029";"#";"s104p3";"Received POLIO 3"
"1030";"#";"sd104p3";"POLIO 3 day"
"1031";"#";"sm104p3";"POLIO 3 month"
"1032";"#";"sy104p3";"POLIO 3 year"
"1033";"#";"s104m1";"Received MEASLES 1"
"1034";"#";"sd104m1";"MEASLES 1 day"
"1035";"#";"sm104m1";"MEASLES 1 month"
"1036";"#";"sy104m1";"MEASLES 1 year"
"1037";"#";"s104m2";"Received MEASLES 2"
"1038";"#";"sd104m2";"MEASLES 2 day"
"1039";"#";"sm104m2";"MEASLES 2 month"
"1040";"#";"sy104m2";"MEASLES2 year"
"1041";"#";"s104p0";"Received POLIO 0"
"1042";"#";"sd104p0";"POLIO 0 day"
"1043";"#";"sm104p0";"POLIO 0 month"
"1044";"#";"sy104p0";"POLIO 0 year"
"1045";"#";"s104va";"Received Vitamin A1 (most recent)"
"1046";"#";"sd104va";"Vitamin A1 day"
"1047";"#";"sm104va";"Vitamin A1 month"
"1048";"#";"sy104va";"Vitamin A1 year"
"1049";"#";"s104n1";"Received Pneumococcal 1"
"1050";"#";"sd104n1";"Pneumococcal 1 day"
"1051";"#";"sm104n1";"Pneumococcal 1 month"
"1052";"#";"sy104n1";"Pneumococcal 1 year"
"1053";"#";"s104n2";"Received Pneumococcal 2"
"1054";"#";"sd104n2";"Pneumococcal 2 day"
"1055";"#";"sm104n2";"Pneumococcal 2 month"
"1056";"#";"sy104n2";"Pneumococcal 2 year"
"1057";"#";"s104n3";"Received Pneumococcal 3"
"1058";"#";"sd104n3";"Pneumococcal 3 day"
"1059";"#";"sm104n3";"Pneumococcal 3 month"
"1060";"#";"sy104n3";"Pneumococcal 3 year"
"1061";"#";"s104r1";"Received Rotavirus 1"
"1062";"#";"sd104r1";"Rotavirus 1 day"
"1063";"#";"sm104r1";"Rotavirus 1 month"
"1064";"#";"sy104r1";"Rotavirus 1 year"
"1065";"#";"s104r2";"Received Rotavirus 2"
"1066";"#";"sd104r2";"Rotavirus 2 day"
"1067";"#";"sm104r2";"Rotavirus 2 month"
"1068";"#";"sy104r2";"Rotavirus 2 year"
"1069";"#";"s104ipv";"Received Inactivated polio"
"1070";"#";"sd104ipv";"Inactivated polio day"
"1071";"#";"sm104ipv";"Inactivated polio  month"
"1072";"#";"sy104ipv";"Inactivated polio year"
